key_name,station_name,species_latin_name,english_name,individual_id,ring_number,colour_ring,individual_remarks,mass,sex,track_session_id,device_info_serial,tracker_id,track_session_start_date,track_session_end_date,track_session_start_latitude,track_session_start_longitude,track_session_remarks
HG_OOSTENDE,Oostende,Larus argentatus,Herring Gull,1100,5426549,ZAAZ,Renske,845,F,15024,6194,11228,2015-05-26T13:00:00Z,2022-05-27T20:23:00Z,51.233008,2.9310330000000002,OOST_MIJN
HG_OOSTENDE,Oostende,Larus argentatus,Herring Gull,1364,H900906,ZWAP,Koen,1057,M,15268,6236,11439,2016-05-25T12:00:00Z,2024-06-24T10:03:00Z,51.23292344,2.93118801,OOST_MIJN
HG_OOSTENDE,Oostende,Larus argentatus,Herring Gull,813,H900926,ZTAW,Hilde,778,F,14747,6005,757,2014-05-23T00:00:00Z,2022-08-01T00:00:00Z,51.233056,2.930977,OOST_MIJN
HG_OOSTENDE,Oostende,Larus argentatus,Herring Gull,1626,H901497,ZKAN,Tatiana,931,F,15529,6270,11457,2017-05-24T12:00:00Z,2025-08-23T15:18:00Z,51.34500982,3.17320507,ZEEB_BUS
HG_OOSTENDE,Oostende,Larus argentatus,Herring Gull,1324,H901555,ZWAM,Mia,901,F,15261,6231,11347,2016-05-23T12:00:00Z,2024-06-24T09:54:00Z,51.23292344,2.93118801,OOST_MIJN
HG_OOSTENDE,Oostende,Larus argentatus,Herring Gull,1633,H901822,CSOF,Niels,1159,M,15530,6251,11448,2017-05-31T12:00:00Z,2025-08-23T15:19:00Z,51.34677899,3.17286175,ZEEB_BUS
HG_OOSTENDE,Oostende,Larus argentatus,Herring Gull,1134,H903128,ZCAG,Dre,1068,M,15066,6178,990,2015-05-21T00:00:00Z,2022-06-09T14:09:00Z,51.233008,2.9310330000000002,OOST_MIJN
HG_OOSTENDE,Oostende,Larus argentatus,Herring Gull,1135,H903129,ZAAL,Eva,770,F,15067,6196,11229,2015-05-21T15:00:00Z,2022-06-09T14:10:00Z,51.233008,2.9310330000000002,OOST_MIJN
HG_OOSTENDE,Oostende,Larus argentatus,Herring Gull,1102,H903130,ZBAC,Louise,848,F,15026,6188,11198,2015-05-26T12:00:00Z,2022-05-27T20:26:00Z,51.233008,2.9310330000000002,OOST_MIJN
HG_OOSTENDE,Oostende,Larus argentatus,Herring Gull,1101,H903131,ZCAD,Lilian,826,F,15025,6186,11196,2015-05-26T11:00:00Z,2022-05-27T20:25:00Z,51.233008,2.9310330000000002,OOST_MIJN
HG_OOSTENDE,Oostende,Larus argentatus,Herring Gull,1103,H903132,RZAG,Hein,987,M,15027,6191,11226,2015-05-26T13:00:00Z,2022-05-27T20:26:00Z,51.233008,2.9310330000000002,OOST_MIJN
HG_OOSTENDE,Oostende,Larus argentatus,Herring Gull,1136,H903133,ZBAA,Joanna,854,F,15068,6183,11193,2015-06-02T14:00:00Z,2022-06-09T14:10:00Z,51.233008,2.9310330000000002,OOST_MIJN
HG_OOSTENDE,Oostende,Larus argentatus,Herring Gull,1162,H903134,ZAAB,Suk-hyo,1034,M,15095,6193,11227,2015-06-09T14:00:00Z,2022-09-01T14:10:00Z,51.23314051,2.93111149,OOST_MIJN
HG_OOSTENDE,Oostende,Larus argentatus,Herring Gull,1163,H903149,ZCAU,Ceryl,1077,M,15096,6189,11199,2015-06-09T13:00:00Z,2022-09-01T14:12:00Z,51.23314051,2.93111149,OOST_MIJN
HG_OOSTENDE,Oostende,Larus argentatus,Herring Gull,687,H903169,YGAA,Luc,1072,M,523,799,651,2013-05-27T00:00:00Z,9999-12-31T00:00:00Z,51.233056,2.930977,OOST_MIJN
HG_OOSTENDE,Oostende,Larus argentatus,Herring Gull,688,H903182,YKAT,Anne,859,F,521,786,849,2013-05-24T00:00:00Z,9999-12-31T00:00:00Z,51.233056,2.930977,OOST_MIJN
HG_OOSTENDE,Oostende,Larus argentatus,Herring Gull,689,H903183,YLAH,Wilma,859,F,522,783,861,2013-05-27T00:00:00Z,9999-12-31T00:00:00Z,51.233056,2.930977,OOST_MIJN
HG_OOSTENDE,Oostende,Larus argentatus,Herring Gull,690,H903184,YGAP,Nicky,806,F,519,804,862,2013-05-27T00:00:00Z,2016-06-04T00:00:00Z,51.233056,2.930977,OOST_MIJN | Assumed dead.
HG_OOSTENDE,Oostende,Larus argentatus,Herring Gull,691,H903185,YLAT,Jurgen,1036,M,520,801,772,2013-05-17T00:00:00Z,9999-12-31T00:00:00Z,51.233056,2.930977,OOST_MIJN
HG_OOSTENDE,Oostende,Larus argentatus,Herring Gull,820,H903186,YWAL,Walter,1021,M,14754,6037,839,2014-06-05T00:00:00Z,2014-06-15T00:00:00Z,51.233056,2.930977,OOST_MIJN | Dead.
HG_OOSTENDE,Oostende,Larus argentatus,Herring Gull,1323,H903293,ZYAN,Fien,904,F,15266,6209,11472,2016-05-23T12:00:00Z,2024-06-24T10:02:00Z,51.23292344,2.93118801,OOST_MIJN
HG_OOSTENDE,Oostende,Larus argentatus,Herring Gull,1329,H903294,ZZAA,Geert,1081,M,15263,6119,11395,2016-05-31T12:00:00Z,2024-06-24T09:56:00Z,51.23292344,2.93118801,OOST_MIJN
HG_OOSTENDE,Oostende,Larus argentatus,Herring Gull,1330,H903295,ZZAX,Joost,1009,M,15262,6234,11375,2016-05-31T12:00:00Z,2024-06-24T09:55:00Z,51.23292344,2.93118801,OOST_MIJN
HG_OOSTENDE,Oostende,Larus argentatus,Herring Gull,1334,H903296,ZXAT,Francis,1094,M,15267,6215,11473,2016-06-02T12:00:00Z,2024-06-24T10:02:00Z,51.23292344,2.93118801,OOST_MIJN
HG_OOSTENDE,Oostende,Larus argentatus,Herring Gull,1333,H903297,ZZAG,Mirte,899,F,15265,6147,11398,2016-06-02T12:00:00Z,2024-06-24T10:01:00Z,51.23292344,2.93118801,OOST_MIJN
HG_OOSTENDE,Oostende,Larus argentatus,Herring Gull,811,H903604,ZVAU,Magda,852,F,14745,6043,840,2014-05-23T00:00:00Z,2017-06-09T00:00:00Z,51.233056,2.930977,OOST_MIJN | Tracker defect. Gull captured and tracker removed.
HG_OOSTENDE,Oostende,Larus argentatus,Herring Gull,823,H903607,ZVAW,Stefanie,846,F,14757,6036,838,2014-06-13T00:00:00Z,2022-08-01T00:00:00Z,51.233056,2.930977,OOST_MIJN
HG_OOSTENDE,Oostende,Larus argentatus,Herring Gull,819,H903609,YLAY,Klaas,1098,M,14753,6070,994,2014-06-05T00:00:00Z,2022-08-01T00:00:00Z,51.233056,2.930977,OOST_KAAI
HG_OOSTENDE,Oostende,Larus argentatus,Herring Gull,822,H903611,ZVAG,Stephanie,859,F,14756,6036,838,2014-05-26T00:00:00Z,2014-06-11T00:00:00Z,51.233056,2.930977,OOST_MIJN | Dead.
HG_OOSTENDE,Oostende,Larus argentatus,Herring Gull,814,H903612,ZVAX,Karen,856,F,14748,6003,756,2014-05-27T00:00:00Z,2022-08-01T00:00:00Z,51.233056,2.930977,OOST_MIJN
HG_OOSTENDE,Oostende,Larus argentatus,Herring Gull,816,H903613,ZVAT,Leslie,821,F,14750,6013,735,2014-05-30T00:00:00Z,2022-08-01T00:00:00Z,51.233056,2.930977,OOST_MIJN
HG_OOSTENDE,Oostende,Larus argentatus,Herring Gull,812,H903614,ZTAK,Catia,811,F,14746,6008,779,2014-05-23T00:00:00Z,2022-08-01T00:00:00Z,51.233056,2.930977,OOST_MIJN
HG_OOSTENDE,Oostende,Larus argentatus,Herring Gull,824,H903621,ZVAR,Roland,1034,M,14758,6002,755,2014-05-30T00:00:00Z,2014-06-11T00:00:00Z,51.233056,2.930977,OOST_MIJN | Dead.
HG_OOSTENDE,Oostende,Larus argentatus,Herring Gull,815,H903622,ZUAF,Tjess,1085,M,14749,6069,993,2014-05-30T00:00:00Z,2022-08-01T00:00:00Z,51.233056,2.930977,OOST_MIJN
HG_OOSTENDE,Oostende,Larus argentatus,Herring Gull,818,H903635,YWAZ,Robin,960,M,14752,1601,787,2014-06-05T00:00:00Z,2022-08-01T00:00:00Z,51.233056,2.930977,OOST_KAAI
HG_OOSTENDE,Oostende,Larus argentatus,Herring Gull,821,H903639,YKAW,Wendy,0,F,14755,6037,839,2014-06-25T00:00:00Z,2022-08-01T00:00:00Z,51.339311,3.17913,ZEEB_KLVL
HG_OOSTENDE,Oostende,Larus argentatus,Herring Gull,817,H903644,YJAR,Jan,1014,M,14751,6001,778,2014-06-05T00:00:00Z,2022-08-01T00:00:00Z,51.233056,2.930977,OOST_KAAI
HG_OOSTENDE,Oostende,Larus argentatus,Herring Gull,825,H903646,YJAZ,Rolanda,786,F,14759,6002,755,2014-06-13T00:00:00Z,2022-08-01T00:00:00Z,51.233056,2.930977,OOST_MIJN
HG_OOSTENDE,Oostende,Larus argentatus,Herring Gull,1762,H905081,FGOL,Stijn,1205,M,15678,6248,11444,2018-06-06T12:00:00Z,2025-06-12T09:12:00Z,51.23307723,2.93111801,OOST_MIJN
HG_OOSTENDE,Oostende,Larus argentatus,Herring Gull,1763,H905082,FZOZ,Lein,896,F,15679,6246,11442,2018-06-06T12:00:00Z,2025-06-12T09:14:00Z,51.23307723,2.93111801,OOST_MIJN
HG_OOSTENDE,Oostende,Larus argentatus,Herring Gull,1764,H905083,FROH,Elisa,813,F,15680,6249,11445,2018-06-06T12:00:00Z,2025-06-12T09:15:00Z,51.23307723,2.93111801,OOST_MIJN
HG_OOSTENDE,Oostende,Larus argentatus,Herring Gull,1765,H905084,FWOH,Veerle,851,F,15681,6247,11443,2018-06-06T12:00:00Z,2025-06-12T09:16:00Z,51.23307723,2.93111801,OOST_MIJN
HG_OOSTENDE,Oostende,Larus argentatus,Herring Gull,1322,H905201,ZWAG,Tessa,889,F,15260,6187,11197,2016-05-23T12:00:00Z,2024-06-24T09:50:00Z,51.23292344,2.93118801,OOST_MIJN
HG_OOSTENDE,Oostende,Larus argentatus,Herring Gull,1325,H905203,ZWAA,Maurice,1070,M,15270,6240,11400,2016-05-23T12:00:00Z,2024-06-24T10:04:00Z,51.23292344,2.93118801,OOST_MIJN
HG_OOSTENDE,Oostende,Larus argentatus,Herring Gull,1332,H905205,ZZAM,Rudy,1111,M,15264,6144,11397,2016-06-02T12:00:00Z,2024-06-24T09:58:00Z,51.23292344,2.93118801,OOST_MIJN
HG_OOSTENDE,Oostende,Larus argentatus,Herring Gull,1327,H905324,ZZAB,Veronic,830,F,15269,6239,11440,2016-05-25T12:00:00Z,2024-06-24T10:04:00Z,51.23292344,2.93118801,OOST_MIJN
HG_OOSTENDE,Oostende,Larus argentatus,Herring Gull,1627,H907925,ZJAM,Sander,1084,M,15525,6262,11452,2017-05-24T12:00:00Z,2025-08-23T15:04:00Z,51.34519746,3.1731407,ZEEB_BUS
HG_OOSTENDE,Oostende,Larus argentatus,Herring Gull,1628,H907926,ZHAC,Brigitte,906,F,15527,6268,11455,2017-05-24T12:00:00Z,2025-08-23T15:09:00Z,51.34511704,3.17337673,ZEEB_BORD
HG_OOSTENDE,Oostende,Larus argentatus,Herring Gull,1629,H907927,ZJAJ,Wim,1039,M,15531,6272,11459,2017-05-24T12:00:00Z,2025-08-23T15:21:00Z,51.34533149,3.17320507,ZEEB_BORD
HG_OOSTENDE,Oostende,Larus argentatus,Herring Gull,1630,H907928,ZHAZ,Tine,881,F,15528,6257,11450,2017-05-29T12:00:00Z,2025-08-23T15:14:00Z,51.34484898,3.17337673,ZEEB_KLVL
HG_OOSTENDE,Oostende,Larus argentatus,Herring Gull,1631,H907929,ZKAH,Rik,1247,M,15532,6264,11453,2017-05-29T12:00:00Z,2025-08-23T15:22:00Z,51.34718107,3.17256134,ZEEB_KLVL
HG_OOSTENDE,Oostende,Larus argentatus,Herring Gull,1632,H907931,ZHAP,Silke,895,F,15526,6254,11447,2017-05-29T12:00:00Z,2025-08-23T15:08:00Z,51.34506243,3.17324638,ZEEB_BUS
HG_OOSTENDE,Oostende,Larus argentatus,Herring Gull,1634,H907932,CMOK,Claude,1021,M,15534,6267,11454,2017-05-31T12:00:00Z,2025-08-23T15:43:00Z,51.34710065,3.17286175,ZEEB_KLVL
HG_OOSTENDE,Oostende,Larus argentatus,Herring Gull,1635,H907933,ZHAH,Bram,1170,M,15533,6271,11458,2017-05-31T12:00:00Z,2025-08-23T15:23:00Z,51.34707385,3.172733,ZEEB_KLVL
HG_OOSTENDE,Oostende,Larus argentatus,Herring Gull,1636,H907934,CNOU,Joryck,963,M,15535,6256,11449,2017-06-14T12:00:00Z,2025-08-23T15:44:00Z,51.23270846,2.92259421,OOST_KAAI
HG_OOSTENDE,Oostende,Larus argentatus,Herring Gull,1980,H908153,FLOG,Nathalie,867,F,15925,6327,11487,2019-06-07T12:00:00Z,2025-04-14T12:14:00Z,51.232777,2.930859,OOST_MIJN
HG_OOSTENDE,Oostende,Larus argentatus,Herring Gull,1981,H908154,FDOK,Sheryl,798,F,15927,6323,11485,2019-06-07T12:00:00Z,2025-04-14T12:16:00Z,51.232777,2.930859,OOST_MIJN
HG_OOSTENDE,Oostende,Larus argentatus,Herring Gull,1982,H908155,FAOS,Bo,1072,M,15926,6325,11486,2019-06-10T12:00:00Z,2025-04-14T12:15:00Z,51.232777,2.930859,OOST_MIJN
HG_OOSTENDE,Oostende,Larus argentatus,Herring Gull,1983,H908156,FHOS,Maarten,989,M,15928,6322,11484,2019-06-10T12:00:00Z,2025-04-14T12:16:00Z,51.232777,2.930859,OOST_MIJN
HG_OOSTENDE,Oostende,Larus argentatus,Herring Gull,1984,H908157,GAOV,Tony,1060,M,15924,6321,11483,2019-06-14T12:00:00Z,2025-04-14T12:13:00Z,51.232777,2.930859,OOST_MIJN
H_GRONINGEN,,Circus aeruginosus,Western Marsh Harrier,836,5325667,NA,Roelof,504,M,14770,6064,844,2014-07-04T15:00:00Z,2021-08-27T16:21:00Z,53.26933247,6.98776603,wing_length: 418 | tarsus_length: 69 | moult_score: 0000000000
H_GRONINGEN,,Circus aeruginosus,Western Marsh Harrier,1321,5327085,NA,Job,513,M,15254,6065,879,2016-06-18T07:46:00Z,2024-06-20T16:13:00Z,53.231376,7.131125,wing_length: 383 | tarsus_length: 70 | moult_score: 0000000000
H_GRONINGEN,,Circus aeruginosus,Western Marsh Harrier,158,5336455,NA,Kjell,540,M,1469,634,585,2014-06-04T21:50:00Z,9999-12-31T00:00:00Z,53.295407,6.991777,wing_length: 406 | tarsus_length: 74 | moult_score: 5200000000
H_GRONINGEN,,Circus aeruginosus,Western Marsh Harrier,268,5446465,NA,William,524,M,295,291,476,2012-05-10T15:10:00Z,9999-12-31T00:00:00Z,53.28059,6.98661,wing_length: 397 | tarsus_length: 72
LBBG_ZEEBRUGGE,Zeebrugge,Larus fuscus,Lesser Black-backed Gull,153,5331094 ARNHEM,UPAG,Alex,862,M,544,865,706,2013-06-12T00:00:00Z,9999-12-31T00:00:00Z,51.339311,3.17913,ZEEB_APM | Very few data within track session.
LBBG_ZEEBRUGGE,Zeebrugge,Larus fuscus,Lesser Black-backed Gull,1344,5361547,LD (r),Robbert,848,M,15274,5331,11438,2016-05-31T12:00:00Z,2024-06-24T10:10:00Z,51.44898701,3.68968072,VLIS_EPZ
LBBG_ZEEBRUGGE,Zeebrugge,Larus fuscus,Lesser Black-backed Gull,1611,5420250,H6,Luis,724,M,15553,5537,11843,2017-05-23T12:00:00Z,2025-08-25T10:28:00Z,51.43921201,3.70731637,VLIS_EPZ
LBBG_ZEEBRUGGE,Zeebrugge,Larus fuscus,Lesser Black-backed Gull,1342,5420314,LC (r),Mohamed,867,M,15287,5305,11466,2016-05-24T12:00:00Z,2024-07-15T11:38:00Z,51.43924273,3.70772124,VLIS_EPZ
LBBG_ZEEBRUGGE,Zeebrugge,Larus fuscus,Lesser Black-backed Gull,1340,5420613,PF (r),Merel,763,F,15308,5275,11326,2016-05-24T12:00:00Z,2024-07-26T11:21:00Z,51.43924273,3.70772124,VLIS_EPZ
LBBG_ZEEBRUGGE,Zeebrugge,Larus fuscus,Lesser Black-backed Gull,805,5420712,F5,Anita,739,F,14739,5070,962,2014-06-16T00:00:00Z,2022-08-01T00:00:00Z,51.339311,3.17913,ZEEB_KLVL
LBBG_ZEEBRUGGE,Zeebrugge,Larus fuscus,Lesser Black-backed Gull,1264,5423617,M8 (w),Jenna,0,F,15198,5205,11266,2016-05-19T12:00:00Z,2024-05-22T14:48:00Z,51.43924273,3.70772124,VLIS_EPZ
LBBG_ZEEBRUGGE,Zeebrugge,Larus fuscus,Lesser Black-backed Gull,1606,5423625,NE,Sergio,802,M,15536,5545,11850,2017-05-19T12:00:00Z,2025-08-24T09:36:00Z,51.43933093,3.70729746,VLIS_EPZ
LBBG_ZEEBRUGGE,Zeebrugge,Larus fuscus,Lesser Black-backed Gull,1269,5423642,N1 (w),Paco,843,M,15203,5222,11278,2016-05-20T12:00:00Z,2024-05-22T14:53:00Z,51.43924273,3.70772124,VLIS_EPZ
LBBG_ZEEBRUGGE,Zeebrugge,Larus fuscus,Lesser Black-backed Gull,1339,5424410,E4 (z),Rinse,903,M,15310,5273,11324,2016-05-24T12:00:00Z,2024-07-26T11:22:00Z,51.43924273,3.70772124,VLIS_EPZ
LBBG_ZEEBRUGGE,Zeebrugge,Larus fuscus,Lesser Black-backed Gull,1345,5465451,CB (o),Fay,696,F,15307,5338,11470,2016-05-31T12:00:00Z,2024-07-26T11:20:00Z,51.43924273,3.70772124,VLIS_EPZ | Tracker reused from L911116. No data within track session.
LBBG_ZEEBRUGGE,Zeebrugge,Larus fuscus,Lesser Black-backed Gull,1263,5468062,6= (o),Noah,706,M,15197,5202,11265,2016-05-19T12:00:00Z,2024-05-22T14:46:00Z,51.43924273,3.70772124,VLIS_EPZ
LBBG_ZEEBRUGGE,Zeebrugge,Larus fuscus,Lesser Black-backed Gull,1605,5501123,EG,Aurelie,829,F,15537,5542,11847,2017-05-19T12:00:00Z,2025-08-24T09:40:00Z,51.43923876,3.70744512,VLIS_EPZ
LBBG_ZEEBRUGGE,Zeebrugge,Larus fuscus,Lesser Black-backed Gull,1267,5501141,E2 (z),Jorn,877,M,15201,5325,11436,2016-05-20T12:00:00Z,2024-05-22T14:52:00Z,51.43924273,3.70772124,VLIS_EPZ
LBBG_ZEEBRUGGE,Zeebrugge,Larus fuscus,Lesser Black-backed Gull,1099,5508286,65 (b),Finn,953,M,15023,5148,11208,2015-05-25T12:00:00Z,2022-05-27T18:58:00Z,51.44934765,3.68978485,VLIS_THER
LBBG_ZEEBRUGGE,Zeebrugge,Larus fuscus,Lesser Black-backed Gull,1074,5508290,6+ (b),Sacha,796,M,15010,5140,11184,2015-05-22T18:30:00Z,2022-05-23T09:17:00Z,51.44934765,3.68978485,VLIS_THER
LBBG_ZEEBRUGGE,Zeebrugge,Larus fuscus,Lesser Black-backed Gull,1768,5508292,B7,Annick,741,F,15683,5713,12025,2018-05-24T12:00:00Z,2025-06-12T09:55:00Z,51.45444147,3.68617058,VLIS_ACHT
LBBG_ZEEBRUGGE,Zeebrugge,Larus fuscus,Lesser Black-backed Gull,1095,5508341,7P (b),Marwa,837,F,15019,5141,11185,2015-05-25T08:00:00Z,2022-05-27T18:54:00Z,51.44934765,3.68978485,VLIS_THER
LBBG_ZEEBRUGGE,Zeebrugge,Larus fuscus,Lesser Black-backed Gull,1096,5508342,7R (b),Nastazja,702,F,15020,5146,11187,2015-05-25T08:30:00Z,2022-05-27T18:56:00Z,51.44934765,3.68978485,VLIS_THER
LBBG_ZEEBRUGGE,Zeebrugge,Larus fuscus,Lesser Black-backed Gull,1098,5508353,75 (b),Minke,700,F,15022,5142,11186,2015-05-25T10:00:00Z,2022-05-27T18:58:00Z,51.44934765,3.68978485,VLIS_THER
LBBG_ZEEBRUGGE,Zeebrugge,Larus fuscus,Lesser Black-backed Gull,1777,5508363,BD,Janna,808,F,15709,5728,12035,2018-06-05T00:00:00Z,2026-09-18T15:19:00Z,51.4495,3.689,VLIS_ACHT
LBBG_ZEEBRUGGE,Zeebrugge,Larus fuscus,Lesser Black-backed Gull,1106,5508367,8K (b),Liam,811,M,15044,5064,956,2015-05-28T10:00:00Z,2022-06-05T10:45:00Z,51.44934765,3.68978485,VLIS_THER
LBBG_ZEEBRUGGE,Zeebrugge,Larus fuscus,Lesser Black-backed Gull,1107,5508368,8C (b),Vera,645,F,15045,5066,958,2015-05-28T11:00:00Z,2022-06-05T10:47:00Z,51.44934765,3.68978485,VLIS_THER
LBBG_ZEEBRUGGE,Zeebrugge,Larus fuscus,Lesser Black-backed Gull,1623,5509663,K9,Maaike,758,F,15546,5495,11775,2017-06-08T12:00:00Z,2025-08-24T10:50:00Z,51.43939926,3.70753095,VLIS_EPZ
LBBG_ZEEBRUGGE,Zeebrugge,Larus fuscus,Lesser Black-backed Gull,1608,5509702,5E,Coco,885,F,15551,5540,11846,2017-05-23T12:00:00Z,2025-08-24T10:55:00Z,51.43934576,3.70753095,VLIS_EPZ
LBBG_ZEEBRUGGE,Zeebrugge,Larus fuscus,Lesser Black-backed Gull,1262,5509703,5F (g),Lara,710,F,15196,5336,11468,2016-05-19T12:00:00Z,2024-05-22T14:45:00Z,51.4493535,3.68931055,VLIS_THER
LBBG_ZEEBRUGGE,Zeebrugge,Larus fuscus,Lesser Black-backed Gull,1609,5509716,H0,Lucia,835,F,15556,5538,11844,2017-05-23T12:00:00Z,2025-08-25T10:45:00Z,51.43939926,3.70705888,VLIS_EPZ
LBBG_ZEEBRUGGE,Zeebrugge,Larus fuscus,Lesser Black-backed Gull,1619,5509720,56,Fiona,677,F,15541,5549,11854,2017-06-05T12:00:00Z,2025-08-24T10:21:00Z,51.44918906,3.689764,VLIS_THER
LBBG_ZEEBRUGGE,Zeebrugge,Larus fuscus,Lesser Black-backed Gull,1622,5509729,6F,Nina,738,F,15549,5493,11773,2017-06-08T12:00:00Z,2025-08-24T10:53:00Z,51.439105,3.70774553,VLIS_EPZ
LBBG_ZEEBRUGGE,Zeebrugge,Larus fuscus,Lesser Black-backed Gull,1607,5509730,6G,Lissa,811,F,15538,5201,11264,2017-05-23T12:00:00Z,2024-08-24T09:47:00Z,51.43931901,3.70714471,VLIS_EPZ | Tracker reused from L910466.
LBBG_ZEEBRUGGE,Zeebrugge,Larus fuscus,Lesser Black-backed Gull,1618,5519662,K2,Iris,601,F,15555,5539,11845,2017-06-05T12:00:00Z,2025-08-25T10:44:00Z,51.43907825,3.70787427,VLIS_EPZ
LBBG_ZEEBRUGGE,Zeebrugge,Larus fuscus,Lesser Black-backed Gull,1625,5519664,K4,Tommaso,887,M,15550,5494,11774,2017-06-13T12:00:00Z,2025-08-24T10:54:00Z,51.44945651,3.68959234,VLIS_THER
LBBG_ZEEBRUGGE,Zeebrugge,Larus fuscus,Lesser Black-backed Gull,1612,5519709,HR,Mike,0,M,15548,5543,11848,2017-05-23T12:00:00Z,2025-08-24T10:52:00Z,51.43907825,3.70761678,VLIS_EPZ
LBBG_ZEEBRUGGE,Zeebrugge,Larus fuscus,Lesser Black-backed Gull,1614,5519735,J2,Lieke,683,F,15552,5535,11879,2017-05-29T12:00:00Z,2025-08-25T10:27:00Z,51.43918525,3.70744512,VLIS_EPZ
LBBG_ZEEBRUGGE,Zeebrugge,Larus fuscus,Lesser Black-backed Gull,1615,5519736,J3,Liset,755,F,15542,5487,11768,2017-05-29T12:00:00Z,2025-08-24T10:44:00Z,51.4492158,3.68989275,VLIS_THER
LBBG_ZEEBRUGGE,Zeebrugge,Larus fuscus,Lesser Black-backed Gull,1610,5519750,H2,Raissa,802,F,15540,5550,11855,2017-05-23T12:00:00Z,2025-08-24T09:50:00Z,51.43913175,3.70778844,VLIS_THER
LBBG_ZEEBRUGGE,Zeebrugge,Larus fuscus,Lesser Black-backed Gull,1766,5543128,5G,Asun,689,F,15684,5716,12027,2018-05-22T12:00:00Z,2026-06-12T09:58:00Z,51.44774876,3.69670105,VLIS_NIEU
LBBG_ZEEBRUGGE,Zeebrugge,Larus fuscus,Lesser Black-backed Gull,1767,5543129,42,Tom,821,M,15685,5707,12024,2018-05-24T12:00:00Z,2026-06-12T10:20:00Z,51.45471558,3.68578434,VLIS_ACHT
LBBG_ZEEBRUGGE,Zeebrugge,Larus fuscus,Lesser Black-backed Gull,1769,5543130,43,Klaus,911,M,15686,5718,12028,2018-05-24T12:00:00Z,2025-06-12T10:21:00Z,51.44761503,3.69694233,VLIS_NIEU
LBBG_ZEEBRUGGE,Zeebrugge,Larus fuscus,Lesser Black-backed Gull,1770,5543131,4=,Gerrit,903,M,15682,5547,11852,2018-05-24T12:00:00Z,2025-06-12T09:54:00Z,51.44736094,3.69672775,VLIS_NIEU
LBBG_ZEEBRUGGE,Zeebrugge,Larus fuscus,Lesser Black-backed Gull,1771,5543133,44,Abbo,945,M,15687,5723,12032,2018-05-24T12:00:00Z,2025-06-12T10:30:00Z,51.45454175,3.68634224,VLIS_ACHT
LBBG_ZEEBRUGGE,Zeebrugge,Larus fuscus,Lesser Black-backed Gull,1772,5543134,45,Claudio,929,M,15688,5721,12031,2018-05-24T12:00:00Z,2025-06-12T10:31:00Z,51.44750805,3.69647026,VLIS_NIEU
LBBG_ZEEBRUGGE,Zeebrugge,Larus fuscus,Lesser Black-backed Gull,1773,5543137,46,Jessica,735,F,15689,5724,12033,2018-05-29T12:00:00Z,2025-06-12T10:32:00Z,51.44752142,3.69655609,VLIS_NIEU
LBBG_ZEEBRUGGE,Zeebrugge,Larus fuscus,Lesser Black-backed Gull,1774,5543138,47,Eef,825,M,15690,5714,12026,2018-05-29T12:00:00Z,2025-06-12T10:33:00Z,51.4495006,3.68938923,VLIS_THER
LBBG_ZEEBRUGGE,Zeebrugge,Larus fuscus,Lesser Black-backed Gull,2041,5546115,0B,Damiano,905,M,15921,5731,12079,2019-04-01T12:00:00Z,2027-04-14T12:06:00Z,51.454594,3.686066,VLIS_ACHT
LBBG_ZEEBRUGGE,Zeebrugge,Larus fuscus,Lesser Black-backed Gull,2039,5546196,T=,Reyes,651,F,15919,5730,12078,2019-04-08T12:00:00Z,2027-04-01T12:00:00Z,51.454594,3.686066,VLIS_ACHT
LBBG_ZEEBRUGGE,Zeebrugge,Larus fuscus,Lesser Black-backed Gull,2040,5549808,9H,Gandalf,943,M,15920,5985,12341,2020-04-13T12:00:00Z,2027-04-14T12:04:00Z,51.454594,3.686066,VLIS_ACHT
LBBG_ZEEBRUGGE,Zeebrugge,Larus fuscus,Lesser Black-backed Gull,791,EA672503,PGAA,Lea,789,F,14744,5077,968,2014-06-10T00:00:00Z,2022-08-01T00:00:00Z,51.339311,3.17913,ZEEB_KLVL
LBBG_ZEEBRUGGE,Zeebrugge,Larus fuscus,Lesser Black-backed Gull,1097,L901190,7S (b),Carla,724,F,15021,5147,11188,2015-05-25T09:00:00Z,2022-05-27T18:57:00Z,51.44934765,3.68978485,VLIS_THER
LBBG_ZEEBRUGGE,Zeebrugge,Larus fuscus,Lesser Black-backed Gull,703,L901266,UDAC,Hilbran,1064,M,533,849,683,2013-06-03T00:00:00Z,9999-12-31T00:00:00Z,51.339311,3.17913,ZEEB_APM
LBBG_ZEEBRUGGE,Zeebrugge,Larus fuscus,Lesser Black-backed Gull,810,L901531,RWAU,Sjarel,974,M,14728,4045,1039,2014-06-16T00:00:00Z,2022-08-01T00:00:00Z,51.339311,3.17913,ZEEB_KLVL
LBBG_ZEEBRUGGE,Zeebrugge,Larus fuscus,Lesser Black-backed Gull,1358,L901717,ABOX,Anouka,722,F,15286,5306,11417,2016-06-01T12:00:00Z,2024-07-15T11:36:00Z,51.34878164,3.1733501,ZEEB_KLVL
LBBG_ZEEBRUGGE,Zeebrugge,Larus fuscus,Lesser Black-backed Gull,1779,L901819,DKOK,Ezra,978,M,15707,5734,12080,2018-06-05T00:00:00Z,2026-09-18T15:16:00Z,51.348943,3.173623,ZEEB_KLVL
LBBG_ZEEBRUGGE,Zeebrugge,Larus fuscus,Lesser Black-backed Gull,788,L901851,TSAV,Wendt,889,M,14732,5037,917,2014-06-06T00:00:00Z,2016-05-16T00:00:00Z,51.339311,3.17913,ZEEB_KLVL | Dead.
LBBG_ZEEBRUGGE,Zeebrugge,Larus fuscus,Lesser Black-backed Gull,1350,L901928,RTAK,Dirk,1031,M,15305,5274,11325,2016-05-26T12:00:00Z,2024-07-26T11:16:00Z,51.34878164,3.1733501,ZEEB_KLVL
LBBG_ZEEBRUGGE,Zeebrugge,Larus fuscus,Lesser Black-backed Gull,704,L902124,UBAR,Wouter,974,M,529,755,320,2013-05-31T00:00:00Z,9999-12-31T00:00:00Z,51.339311,3.17913,ZEEB_APM | Poor tracker functioning after bird removed antenna.
LBBG_ZEEBRUGGE,Zeebrugge,Larus fuscus,Lesser Black-backed Gull,705,L902130,UPAC,Michelle,788,F,536,853,865,2013-06-11T00:00:00Z,9999-12-31T00:00:00Z,51.339311,3.17913,ZEEB_APM
LBBG_ZEEBRUGGE,Zeebrugge,Larus fuscus,Lesser Black-backed Gull,1352,L902150,ALOP,Glenn,1054,M,15284,5317,11530,2016-05-27T12:00:00Z,2024-07-15T11:33:00Z,51.34878164,3.1733501,ZEEB_KLVL
LBBG_ZEEBRUGGE,Zeebrugge,Larus fuscus,Lesser Black-backed Gull,1120,L902498,RSAF,Agnes,760,F,15056,5230,11282,2015-06-01T13:00:00Z,2022-06-09T13:52:00Z,51.34928421,3.17416906,ZEEB_KLVL
LBBG_ZEEBRUGGE,Zeebrugge,Larus fuscus,Lesser Black-backed Gull,2038,L903316,C0,Jonne,835,M,15918,5729,12077,2019-04-01T12:00:00Z,2027-04-14T11:47:00Z,51.454594,3.686066,VLIS_ACHT
LBBG_ZEEBRUGGE,Zeebrugge,Larus fuscus,Lesser Black-backed Gull,793,L904806,PGAX,Angel,645,F,14742,5073,965,2014-06-10T00:00:00Z,2022-08-01T00:00:00Z,51.339311,3.17913,ZEEB_KLVL
LBBG_ZEEBRUGGE,Zeebrugge,Larus fuscus,Lesser Black-backed Gull,706,L904812,URAL,Kees,869,M,524,703,468,2013-05-30T00:00:00Z,9999-12-31T00:00:00Z,51.339311,3.17913,ZEEB_APM | Poor tracker functioning after bird removed antenna.
LBBG_ZEEBRUGGE,Zeebrugge,Larus fuscus,Lesser Black-backed Gull,809,L904816,RWAT,Peter,870,M,14729,4047,1040,2014-06-16T00:00:00Z,2022-08-01T00:00:00Z,51.339311,3.17913,ZEEB_KLVL
LBBG_ZEEBRUGGE,Zeebrugge,Larus fuscus,Lesser Black-backed Gull,787,L904852,PGAU,Simon,931,M,14731,5036,916,2014-06-04T00:00:00Z,2022-08-01T00:00:00Z,51.339311,3.17913,ZEEB_KLVL
LBBG_ZEEBRUGGE,Zeebrugge,Larus fuscus,Lesser Black-backed Gull,1613,L905052,H3,Sofia,667,F,15554,5534,11842,2017-05-23T12:00:00Z,2025-08-25T10:43:00Z,51.43923876,3.70770261,VLIS_EPZ
LBBG_ZEEBRUGGE,Zeebrugge,Larus fuscus,Lesser Black-backed Gull,1164,L905925,DMAU,Frederic,815,M,15097,5195,11279,2015-06-10T13:00:00Z,2022-09-01T15:13:00Z,51.34930986,3.17419474,ZEEB_KLVL
LBBG_ZEEBRUGGE,Zeebrugge,Larus fuscus,Lesser Black-backed Gull,799,L906110,PGAW,Katrien,843,F,14723,1402,785,2014-06-11T00:00:00Z,2022-08-01T00:00:00Z,51.339311,3.17913,ZEEB_KLVL
LBBG_ZEEBRUGGE,Zeebrugge,Larus fuscus,Lesser Black-backed Gull,1356,L906405,ALOS,Inge,685,F,15275,5301,11415,2016-06-01T12:00:00Z,2024-06-24T10:11:00Z,51.34878164,3.1733501,ZEEB_KLVL
LBBG_ZEEBRUGGE,Zeebrugge,Larus fuscus,Lesser Black-backed Gull,707,L906543,UPAV,Jozsa,711,F,532,847,453,2013-05-31T00:00:00Z,9999-12-31T00:00:00Z,51.339311,3.17913,ZEEB_APM | Poor tracker functioning after bird removed antenna.
LBBG_ZEEBRUGGE,Zeebrugge,Larus fuscus,Lesser Black-backed Gull,708,L906623,UBAS,Marc,887,M,527,744,456,2013-05-30T00:00:00Z,2013-06-27T00:00:00Z,51.339311,3.17913,ZEEB_APM | Poor tracker functioning after bird removed antenna. Dead: predated by fox.
LBBG_ZEEBRUGGE,Zeebrugge,Larus fuscus,Lesser Black-backed Gull,709,L906644,UAAN,Nico,833,M,543,864,705,2013-06-03T00:00:00Z,9999-12-31T00:00:00Z,51.339311,3.17913,ZEEB_APM | Poor tracker functioning after bird removed antenna.
LBBG_ZEEBRUGGE,Zeebrugge,Larus fuscus,Lesser Black-backed Gull,710,L906646,UAAM,Viki,837,F,541,862,699,2013-06-10T00:00:00Z,9999-12-31T00:00:00Z,51.339311,3.17913,ZEEB_APM
LBBG_ZEEBRUGGE,Zeebrugge,Larus fuscus,Lesser Black-backed Gull,711,L906682,URAK,Hans,0,M,540,861,695,2013-05-29T00:00:00Z,9999-12-31T00:00:00Z,51.339311,3.17913,ZEEB_APM
LBBG_ZEEBRUGGE,Zeebrugge,Larus fuscus,Lesser Black-backed Gull,1343,L906730,54 (g),Faber,830,M,15285,5337,11469,2016-05-24T12:00:00Z,2024-07-15T11:35:00Z,51.44898701,3.68968072,VLIS_THER
LBBG_ZEEBRUGGE,Zeebrugge,Larus fuscus,Lesser Black-backed Gull,712,L907004,UDAD,Jasmin,752,F,538,858,455,2013-05-28T00:00:00Z,9999-12-31T00:00:00Z,51.339311,3.17913,ZEEB_APM
LBBG_ZEEBRUGGE,Zeebrugge,Larus fuscus,Lesser Black-backed Gull,713,L907016,UCAX,Jules,1017,M,545,866,707,2013-06-12T00:00:00Z,9999-12-31T00:00:00Z,51.339311,3.17913,ZEEB_APM
LBBG_ZEEBRUGGE,Zeebrugge,Larus fuscus,Lesser Black-backed Gull,1111,L907132,83 (b),Lora,0,F,15048,5069,961,2015-05-30T12:00:00Z,2022-06-05T10:50:00Z,51.44934765,3.68978485,VLIS_THER
LBBG_ZEEBRUGGE,Zeebrugge,Larus fuscus,Lesser Black-backed Gull,714,L907172,URAM,Eric,918,M,534,851,454,2013-05-28T00:00:00Z,9999-12-31T00:00:00Z,51.339311,3.17913,ZEEB_APM
LBBG_ZEEBRUGGE,Zeebrugge,Larus fuscus,Lesser Black-backed Gull,1077,L907235,7K (b),Elinn,810,F,15013,5138,11183,2015-05-22T21:30:00Z,2022-05-23T09:22:00Z,51.44934765,3.68978485,VLIS_THER
LBBG_ZEEBRUGGE,Zeebrugge,Larus fuscus,Lesser Black-backed Gull,807,L907253,RWAF,Jos,855,M,14738,5067,11189,2014-06-16T00:00:00Z,2022-08-01T00:00:00Z,51.339311,3.17913,ZEEB_KLVL | Very few data within track session.
LBBG_ZEEBRUGGE,Zeebrugge,Larus fuscus,Lesser Black-backed Gull,792,L907257,PGAR,Ronnie,881,M,14730,4050,1041,2014-06-10T00:00:00Z,2022-08-01T00:00:00Z,51.339311,3.17913,ZEEB_KLVL
LBBG_ZEEBRUGGE,Zeebrugge,Larus fuscus,Lesser Black-backed Gull,1776,L907268,HKAX,Rune,927,M,15691,5719,12029,2018-05-31T12:00:00Z,2025-06-12T10:35:00Z,51.34813163,3.17290306,ZEEB_KLVL
LBBG_ZEEBRUGGE,Zeebrugge,Larus fuscus,Lesser Black-backed Gull,715,L907322,UMAT,Harry,978,M,526,719,312,2013-06-04T00:00:00Z,9999-12-31T00:00:00Z,51.339311,3.17913,ZEEB_APM
LBBG_ZEEBRUGGE,Zeebrugge,Larus fuscus,Lesser Black-backed Gull,716,L907407,USAT,Joke,712,F,528,753,319,2013-06-10T00:00:00Z,2016-06-16T00:00:00Z,51.339311,3.17913,ZEEB_APM | Dead.
LBBG_ZEEBRUGGE,Zeebrugge,Larus fuscus,Lesser Black-backed Gull,1261,L907411,5C (g),Annie,727,F,15195,5206,11267,2016-05-19T12:00:00Z,2024-05-22T14:43:00Z,51.4493535,3.68931055,VLIS_THER | No data received.
LBBG_ZEEBRUGGE,Zeebrugge,Larus fuscus,Lesser Black-backed Gull,802,L907424,RXAN,Roxanne,693,F,14737,5065,957,2014-06-12T00:00:00Z,2022-08-01T00:00:00Z,51.339311,3.17913,ZEEB_KLVL
LBBG_ZEEBRUGGE,Zeebrugge,Larus fuscus,Lesser Black-backed Gull,1351,L907448,AHOP,Laura,780,F,15304,5276,11327,2016-05-27T12:00:00Z,2024-07-26T11:15:00Z,51.34878164,3.1733501,ZEEB_KLVL
LBBG_ZEEBRUGGE,Zeebrugge,Larus fuscus,Lesser Black-backed Gull,717,L907450,UMAD,Billie,749,F,525,712,466,2013-06-03T00:00:00Z,9999-12-31T00:00:00Z,51.339311,3.17913,ZEEB_APM
LBBG_ZEEBRUGGE,Zeebrugge,Larus fuscus,Lesser Black-backed Gull,1266,L908351,HB (b),Carsten,886,M,15200,5200,11263,2016-05-19T12:00:00Z,2024-05-22T14:51:00Z,51.43924273,3.70772124,VLIS_EPZ
LBBG_ZEEBRUGGE,Zeebrugge,Larus fuscus,Lesser Black-backed Gull,718,L909197,UBAU,Misja,957,M,535,852,719,2013-06-04T00:00:00Z,9999-12-31T00:00:00Z,51.339311,3.17913,ZEEB_APM
LBBG_ZEEBRUGGE,Zeebrugge,Larus fuscus,Lesser Black-backed Gull,789,L909202,PGAM,Eddy,994,M,14733,5038,502,2014-06-29T00:00:00Z,2022-08-01T00:00:00Z,51.339311,3.17913,ZEEB_KLVL | No data received.
LBBG_ZEEBRUGGE,Zeebrugge,Larus fuscus,Lesser Black-backed Gull,1073,L909206,6= (b),Roland-Jan,0,M,15009,5134,1113,2015-05-22T17:30:00Z,2023-05-23T09:11:00Z,51.44934765,3.68978485,VLIS_THER
LBBG_ZEEBRUGGE,Zeebrugge,Larus fuscus,Lesser Black-backed Gull,719,L909213,UPAK,Chloe,792,F,530,830,451,2013-05-30T00:00:00Z,9999-12-31T00:00:00Z,51.339311,3.17913,ZEEB_APM | Poor tracker functioning after bird removed antenna.
LBBG_ZEEBRUGGE,Zeebrugge,Larus fuscus,Lesser Black-backed Gull,804,L909279,RWAW,Bart,973,M,14726,4042,1037,2014-06-12T00:00:00Z,2022-08-01T00:00:00Z,51.339311,3.17913,ZEEB_KLVL
LBBG_ZEEBRUGGE,Zeebrugge,Larus fuscus,Lesser Black-backed Gull,798,L909341,PGAC,Yolandi,730,F,14722,1401,784,2014-06-10T00:00:00Z,2022-08-01T00:00:00Z,51.339311,3.17913,ZEEB_KLVL
LBBG_ZEEBRUGGE,Zeebrugge,Larus fuscus,Lesser Black-backed Gull,803,L909346,RZAS,Jeroen,1011,M,14721,1400,867,2014-06-12T00:00:00Z,2022-08-01T00:00:00Z,51.339311,3.17913,ZEEB_KLVL
LBBG_ZEEBRUGGE,Zeebrugge,Larus fuscus,Lesser Black-backed Gull,1075,L909374,7A (b),Ben,0,M,15011,5136,11181,2015-05-22T19:30:00Z,2022-05-23T09:18:00Z,51.44934765,3.68978485,VLIS_THER | No data within track session.
LBBG_ZEEBRUGGE,Zeebrugge,Larus fuscus,Lesser Black-backed Gull,795,L909648,PGAB,Ian,991,M,14740,5071,963,2014-06-10T00:00:00Z,2022-08-01T00:00:00Z,51.339311,3.17913,ZEEB_KLVL
LBBG_ZEEBRUGGE,Zeebrugge,Larus fuscus,Lesser Black-backed Gull,720,L909681,UAAA,Lies,707,F,542,863,700,2013-06-04T00:00:00Z,9999-12-31T00:00:00Z,51.339311,3.17913,ZEEB_APM
LBBG_ZEEBRUGGE,Zeebrugge,Larus fuscus,Lesser Black-backed Gull,796,L909688,PGAP,Evy,821,F,14727,4044,1038,2014-06-10T00:00:00Z,2022-08-01T00:00:00Z,51.339311,3.17913,ZEEB_KLVL | Tracker probably not responsive.
LBBG_ZEEBRUGGE,Zeebrugge,Larus fuscus,Lesser Black-backed Gull,1133,L909695,RZAD,Luna,735,F,15065,5215,11273,2015-06-08T10:00:00Z,2022-06-09T14:00:00Z,51.34928421,3.17416906,ZEEB_KLVL
LBBG_ZEEBRUGGE,Zeebrugge,Larus fuscus,Lesser Black-backed Gull,1354,L909718,AHOX,Kristof,885,M,15313,5296,11410,2016-06-01T12:00:00Z,2024-07-26T11:25:00Z,51.34878164,3.1733501,ZEEB_KLVL
LBBG_ZEEBRUGGE,Zeebrugge,Larus fuscus,Lesser Black-backed Gull,721,L909877,UMAF,Marieke,746,F,539,860,693,2013-06-11T00:00:00Z,9999-12-31T00:00:00Z,51.339311,3.17913,ZEEB_APM
LBBG_ZEEBRUGGE,Zeebrugge,Larus fuscus,Lesser Black-backed Gull,722,L909887,USAS,Sanne,668,F,531,833,452,2013-06-10T00:00:00Z,9999-12-31T00:00:00Z,51.339311,3.17913,ZEEB_APM
LBBG_ZEEBRUGGE,Zeebrugge,Larus fuscus,Lesser Black-backed Gull,806,L909937,RXAD,Ella,837,F,14736,5063,955,2014-06-16T00:00:00Z,2022-08-01T00:00:00Z,51.339311,3.17913,ZEEB_KLVL
LBBG_ZEEBRUGGE,Zeebrugge,Larus fuscus,Lesser Black-backed Gull,1357,L909972,ALOX,Carrie,699,F,15288,5304,11416,2016-06-01T12:00:00Z,2024-07-15T11:39:00Z,51.34878164,3.1733501,ZEEB_KLVL
LBBG_ZEEBRUGGE,Zeebrugge,Larus fuscus,Lesser Black-backed Gull,1359,L909974,AHOG,Bernadette,805,F,15272,5326,11437,2016-06-01T12:00:00Z,2024-06-24T10:08:00Z,51.34878164,3.1733501,ZEEB_KLVL | Very few data within track session.
LBBG_ZEEBRUGGE,Zeebrugge,Larus fuscus,Lesser Black-backed Gull,1270,L910332,91 (b),Fernand,883,M,15204,5315,11529,2016-05-20T12:00:00Z,2024-05-22T14:53:00Z,51.43924273,3.70772124,VLIS_EPZ
LBBG_ZEEBRUGGE,Zeebrugge,Larus fuscus,Lesser Black-backed Gull,1265,L910466,5N (g),Chris,797,X,15199,5201,11264,2016-05-19T12:00:00Z,2016-05-28T00:00:00Z,51.43924273,3.70772124,VLIS_EPZ | Dead. Tracker reused for 5509730.
LBBG_ZEEBRUGGE,Zeebrugge,Larus fuscus,Lesser Black-backed Gull,801,L910935,RZAT,Steven,955,M,14724,4040,1035,2014-06-12T00:00:00Z,2022-08-01T00:00:00Z,51.339311,3.17913,ZEEB_KLVL
LBBG_ZEEBRUGGE,Zeebrugge,Larus fuscus,Lesser Black-backed Gull,1268,L911116,EW (z),Roy,832,M,15202,5338,11470,2016-05-20T12:00:00Z,2016-05-30T00:00:00Z,51.43924273,3.70772124,VLIS_EPZ | Tracking stopped. Tracker reused for 5465451.
LBBG_ZEEBRUGGE,Zeebrugge,Larus fuscus,Lesser Black-backed Gull,1353,L911707,AGOK,John,801,M,15311,5291,11465,2016-06-01T12:00:00Z,2024-07-26T11:23:00Z,51.34878164,3.1733501,ZEEB_KLVL
LBBG_ZEEBRUGGE,Zeebrugge,Larus fuscus,Lesser Black-backed Gull,797,L911710,PGAN,Annelies,844,F,14743,5076,967,2014-06-10T00:00:00Z,2022-08-01T00:00:00Z,51.339311,3.17913,ZEEB_KLVL
LBBG_ZEEBRUGGE,Zeebrugge,Larus fuscus,Lesser Black-backed Gull,800,L911715,RWAK,Yente,769,F,14735,5060,953,2014-06-12T00:00:00Z,2022-08-01T00:00:00Z,51.339311,3.17913,ZEEB_KLVL
LBBG_ZEEBRUGGE,Zeebrugge,Larus fuscus,Lesser Black-backed Gull,1076,L911863,7C (b),Luan,0,M,15012,5137,11182,2015-05-22T20:30:00Z,2022-05-23T09:20:00Z,51.44934765,3.68978485,VLIS_THER
LBBG_ZEEBRUGGE,Zeebrugge,Larus fuscus,Lesser Black-backed Gull,1109,L912603,8W (b),Susanne,777,F,15046,5068,960,2015-05-30T10:00:00Z,2022-06-05T10:48:00Z,51.44934765,3.68978485,VLIS_THER
LBBG_ZEEBRUGGE,Zeebrugge,Larus fuscus,Lesser Black-backed Gull,794,L912674,TRAC,Matt,980,M,14741,5072,964,2014-06-10T00:00:00Z,2022-08-01T00:00:00Z,51.339311,3.17913,ZEEB_KLVL
LBBG_ZEEBRUGGE,Zeebrugge,Larus fuscus,Lesser Black-backed Gull,1347,L912682,RTAN,Sam,788,F,15312,1517,11418,2016-05-26T12:00:00Z,2024-07-26T11:24:00Z,51.34878164,3.1733501,ZEEB_KLVL
LBBG_ZEEBRUGGE,Zeebrugge,Larus fuscus,Lesser Black-backed Gull,808,L912685,RZAC,Marie,732,F,14725,4041,1036,2014-06-16T00:00:00Z,2022-08-01T00:00:00Z,51.339311,3.17913,ZEEB_KLVL
LBBG_ZEEBRUGGE,Zeebrugge,Larus fuscus,Lesser Black-backed Gull,1341,L912803,59 (g),Huub,760,M,15271,5298,11412,2016-05-24T12:00:00Z,2024-06-24T10:06:00Z,51.44898701,3.68968072,VLIS_THER
LBBG_ZEEBRUGGE,Zeebrugge,Larus fuscus,Lesser Black-backed Gull,2042,L914275,K9,Miranda,594,F,15922,5726,12034,2019-04-08T12:00:00Z,2027-04-14T12:08:00Z,51.454594,3.686066,VLIS_ACHT
LBBG_ZEEBRUGGE,Zeebrugge,Larus fuscus,Lesser Black-backed Gull,1110,L914750,UWAK,Vincent,909,M,15047,5062,954,2015-05-30T11:00:00Z,2022-06-05T10:49:00Z,51.44934765,3.68978485,VLIS_THER
LBBG_ZEEBRUGGE,Zeebrugge,Larus fuscus,Lesser Black-backed Gull,1355,L914820,RUAU,Marleen,760,F,15309,5297,11411,2016-06-01T12:00:00Z,2024-07-26T11:21:00Z,51.34878164,3.1733501,ZEEB_KLVL
LBBG_ZEEBRUGGE,Zeebrugge,Larus fuscus,Lesser Black-backed Gull,1778,L915090,49,Camille,949,M,15705,5739,12070,2018-06-05T00:00:00Z,2026-09-18T15:10:00Z,51.4495,3.689,VLIS_ACHT
LBBG_ZEEBRUGGE,Zeebrugge,Larus fuscus,Lesser Black-backed Gull,790,L916122,PGAD,Anke,669,F,14734,5039,512,2014-06-06T00:00:00Z,2022-08-01T00:00:00Z,51.339311,3.17913,ZEEB_KLVL
LBBG_ZEEBRUGGE,Zeebrugge,Larus fuscus,Lesser Black-backed Gull,1379,L916201,AJOL,Filiep,772,M,15299,5334,11491,2016-05-31T12:00:00Z,2024-07-25T13:36:00Z,51.23292344,2.93118801,OOST_MIJN
LBBG_ZEEBRUGGE,Zeebrugge,Larus fuscus,Lesser Black-backed Gull,1381,L916203,ALOV,Marijke,800,F,15303,5341,11493,2016-06-02T12:00:00Z,2024-07-25T13:40:00Z,51.23292344,2.93118801,OOST_MIJN
LBBG_ZEEBRUGGE,Zeebrugge,Larus fuscus,Lesser Black-backed Gull,1377,L916205,AHOC,Noel,933,M,15302,5340,11492,2016-06-07T12:00:00Z,2024-07-25T13:40:00Z,51.23292344,2.93118801,OOST_MIJN
LBBG_ZEEBRUGGE,Zeebrugge,Larus fuscus,Lesser Black-backed Gull,1372,L916206,AHOT,Delphine,705,F,15283,5339,11471,2016-06-07T12:00:00Z,2024-07-15T11:14:00Z,51.23292344,2.93118801,OOST_MIJN
LBBG_ZEEBRUGGE,Zeebrugge,Larus fuscus,Lesser Black-backed Gull,1378,L916207,AKOS,Romelo,881,M,15301,5320,11435,2016-06-07T12:00:00Z,2024-07-25T13:39:00Z,51.23292344,2.93118801,OOST_MIJN
LBBG_ZEEBRUGGE,Zeebrugge,Larus fuscus,Lesser Black-backed Gull,1117,L916301,RRAR,Kobe,1109,M,15049,5232,11284,2015-06-01T09:00:00Z,2022-06-05T10:59:00Z,51.34928421,3.17416906,ZEEB_KLVL
LBBG_ZEEBRUGGE,Zeebrugge,Larus fuscus,Lesser Black-backed Gull,1118,L916302,RZAP,Milan,942,M,15054,5216,11274,2015-06-01T11:00:00Z,2022-06-09T13:49:00Z,51.34942741,3.1745097,ZEEB_KLVL
LBBG_ZEEBRUGGE,Zeebrugge,Larus fuscus,Lesser Black-backed Gull,1119,L916303,RZAL,Andy,1012,M,15055,5221,11277,2015-06-01T12:00:00Z,2022-06-09T13:50:00Z,51.34928421,3.17416906,ZEEB_KLVL
LBBG_ZEEBRUGGE,Zeebrugge,Larus fuscus,Lesser Black-backed Gull,1121,L916304,RRAA,Pieter,972,M,15057,5213,11271,2015-06-01T14:00:00Z,2022-06-09T13:53:00Z,51.34928421,3.17416906,ZEEB_KLVL
LBBG_ZEEBRUGGE,Zeebrugge,Larus fuscus,Lesser Black-backed Gull,1122,L916305,RWAP,Willy,979,M,15058,5231,11283,2015-06-01T15:00:00Z,2022-06-09T13:54:00Z,51.34928421,3.17416906,ZEEB_KLVL
LBBG_ZEEBRUGGE,Zeebrugge,Larus fuscus,Lesser Black-backed Gull,1123,L916306,RPAT,Emilie,831,F,15059,5220,11276,2015-06-01T16:00:00Z,2022-06-09T13:54:00Z,51.34928421,3.17416906,ZEEB_KLVL
LBBG_ZEEBRUGGE,Zeebrugge,Larus fuscus,Lesser Black-backed Gull,1124,L916308,RRAK,Ricard,926,M,15060,5219,11275,2015-06-03T10:00:00Z,2022-06-09T13:55:00Z,51.34928421,3.17416906,ZEEB_KLVL
LBBG_ZEEBRUGGE,Zeebrugge,Larus fuscus,Lesser Black-backed Gull,1125,L916309,RSAN,Imme,768,F,15061,5199,11262,2015-06-03T11:00:00Z,2022-06-09T13:56:00Z,51.34928421,3.17416906,ZEEB_KLVL
LBBG_ZEEBRUGGE,Zeebrugge,Larus fuscus,Lesser Black-backed Gull,1127,L916310,RPAU,Janis,756,F,15063,5133,1112,2015-06-03T14:00:00Z,2022-06-09T13:57:00Z,51.34928421,3.17416906,ZEEB_KLVL
LBBG_ZEEBRUGGE,Zeebrugge,Larus fuscus,Lesser Black-backed Gull,1126,L916311,RSAM,Kaat,0,F,15062,5179,11318,2015-06-03T13:00:00Z,2022-06-09T13:56:00Z,51.34928421,3.17416906,ZEEB_KLVL
LBBG_ZEEBRUGGE,Zeebrugge,Larus fuscus,Lesser Black-backed Gull,723,L916710,UDAR,Kate,734,F,537,854,684,2013-06-04T00:00:00Z,9999-12-31T00:00:00Z,51.339311,3.17913,ZEEB_APM
LBBG_ZEEBRUGGE,Zeebrugge,Larus fuscus,Lesser Black-backed Gull,1346,L916856,7C,Orval,854,M,15273,5300,11414,2016-06-07T12:00:00Z,2024-06-24T10:09:00Z,51.44898701,3.68968072,VLIS_THER
LBBG_ZEEBRUGGE,Zeebrugge,Larus fuscus,Lesser Black-backed Gull,1624,L917359,BCOG,Diederik,940,M,15547,5546,11851,2017-06-12T12:00:00Z,2025-08-24T10:51:00Z,51.34763675,3.17260426,ZEEB_KLVL | No data within track session.
LBBG_ZEEBRUGGE,Zeebrugge,Larus fuscus,Lesser Black-backed Gull,1132,L917800,8+ (b),Frank,879,M,15064,5198,11261,2015-06-05T14:00:00Z,2022-06-09T13:59:00Z,51.44934765,3.68978485,VLIS_THER
LBBG_ZEEBRUGGE,Zeebrugge,Larus fuscus,Lesser Black-backed Gull,1348,L920598,RUAB,Lena,767,F,15306,1519,11419,2016-05-26T12:00:00Z,2024-07-26T11:17:00Z,51.34878164,3.1733501,ZEEB_KLVL
LBBG_ZEEBRUGGE,Zeebrugge,Larus fuscus,Lesser Black-backed Gull,1380,L920599,RUAW,Renee,730,F,15300,5335,11467,2016-05-25T12:00:00Z,2024-07-25T13:38:00Z,51.23292344,2.93118801,OOST_MIJN
LBBG_ZEEBRUGGE,Zeebrugge,Larus fuscus,Lesser Black-backed Gull,1349,L920600,RUAG,Joachim,1031,M,15314,5271,11317,2016-05-26T12:00:00Z,2024-07-26T11:25:00Z,51.34878164,3.1733501,ZEEB_KLVL
LBBG_ZEEBRUGGE,Zeebrugge,Larus fuscus,Lesser Black-backed Gull,1617,L925726,NNAB,Daan,928,M,15544,5492,11772,2017-06-02T12:00:00Z,2025-08-24T10:46:00Z,51.34526448,3.17311924,ZEEB_BUS | No data received.
LBBG_ZEEBRUGGE,Zeebrugge,Larus fuscus,Lesser Black-backed Gull,1620,L925727,BFON,Jef,918,M,15543,5489,11770,2017-06-07T12:00:00Z,2025-08-24T10:45:00Z,51.34774397,3.172733,ZEEB_KLVL
LBBG_ZEEBRUGGE,Zeebrugge,Larus fuscus,Lesser Black-backed Gull,1621,L925728,AFOT,Els,716,F,15539,5548,11853,2017-06-07T12:00:00Z,2025-08-24T09:49:00Z,51.34747592,3.17277592,ZEEB_KLVL
LBBG_ZEEBRUGGE,Zeebrugge,Larus fuscus,Lesser Black-backed Gull,1616,L925751,AXOB,Tamara,831,F,15545,5544,11849,2017-05-31T12:00:00Z,2025-08-24T10:47:00Z,51.34517066,3.17311924,ZEEB_BUS
LBBG_ZEEBRUGGE,Zeebrugge,Larus fuscus,Lesser Black-backed Gull,1716,L925752,NNAK,Elke,747,F,15636,5536,11880,2017-05-31T12:00:00Z,2026-04-10T15:18:00Z,51.34880509,3.17357361,ZEEB_KLVL
LBBG_ZEEBRUGGE,Zeebrugge,Larus fuscus,Lesser Black-backed Gull,1775,L926488,DROD,Jelbrich,664,F,15692,5720,12030,2018-05-31T12:00:00Z,2025-06-12T10:36:00Z,51.34826566,3.17311764,ZEEB_KLVL
LBBG_ZEEBRUGGE,Zeebrugge,Larus fuscus,Lesser Black-backed Gull,1780,L926492,DVON,Kenny,1069,M,15708,5736,12082,2018-06-05T00:00:00Z,2026-09-18T15:18:00Z,51.34894,3.17362,ZEEB_BUS
LBBG_ZEEBRUGGE,Zeebrugge,Larus fuscus,Lesser Black-backed Gull,1781,L926494,DROS,Juan,959,M,15706,5737,12083,2018-06-05T00:00:00Z,2026-09-18T15:14:00Z,51.34894,3.17362,ZEEB_BUS
LBBG_ZEEBRUGGE,Zeebrugge,Larus fuscus,Lesser Black-backed Gull,2043,N031160,0U,Reinhilde,685,F,15923,5735,12081,2019-04-01T12:00:00Z,2027-04-14T12:09:00Z,51.454594,3.686066,VLIS_ACHT
MH_ANTWERPEN,Antwerpen,Circus aeruginosus,Western Marsh Harrier,1800,H171693,None,Zuzanna,674,F,15702,1603,213,2018-07-18T10:43:00Z,2026-07-28T10:43:00Z,51.31865076,4.21574593,Prosperdorp | wing_length: 410 | tarsus_length: 77 | moult_score: 29
MH_ANTWERPEN,Antwerpen,Buteo buteo,Common Buzzard,2044,H185975,None,Tanja,1000,F,15929,6328,11488,2020-04-27T09:15:00Z,2025-01-18T09:15:00Z,51.29574477,4.21726406,Kieldrecht
MH_ANTWERPEN,Antwerpen,Circus aeruginosus,Western Marsh Harrier,1912,H197169,None,Lilla,810,F,15798,6330,11490,2019-04-18T09:30:00Z,2026-01-17T09:30:00Z,51.31308153,4.28352351,Galgenschoor | wing_length: 426 | tarsus_length: 80 | moult_score: 0
MH_ANTWERPEN,Antwerpen,Circus aeruginosus,Western Marsh Harrier,1913,L177801,None,Lillo,520,M,15799,6329,11489,2019-05-16T07:40:00Z,2026-01-17T07:40:00Z,51.31347499,4.28461653,Galgenschoor | wing_length: 410 | tarsus_length: 72 | moult_score: 0
MH_WATERLAND,Waterland,Circus aeruginosus,Western Marsh Harrier,686,H173481,None,Mia,785,F,546,586,184,2013-05-16T19:55:00Z,9999-12-31T00:00:00Z,51.276078,3.59748,Waterland-Oudeman | wing_length: 430 | tarsus_length: 77 | Assumed dead.
MH_WATERLAND,Waterland,Circus aeruginosus,Western Marsh Harrier,1305,H185298,None,Almut,656,F,15238,630,387,2016-06-03T11:11:00Z,2024-06-07T21:11:00Z,51.28661459,3.55570793,"Waterland-Oudeman | wing_length: 385 | tarsus_length: 71 | Tracker reused from L143467, assumed dead."
MH_WATERLAND,Waterland,Circus aeruginosus,Western Marsh Harrier,701,L143451,None,Jozef,512,M,547,610,467,2013-06-24T10:00:00Z,9999-12-31T00:00:00Z,51.276213,3.59542,Waterland-Oudeman | wing_length: 402 | tarsus_length: 64
MH_WATERLAND,Waterland,Circus aeruginosus,Western Marsh Harrier,702,L143457,None,Peter,482,M,548,623,570,2013-07-22T10:30:00Z,9999-12-31T00:00:00Z,51.270609,3.59295,Waterland-Oudeman | wing_length: 392 | tarsus_length: 65 | Assumed dead.
MH_WATERLAND,Waterland,Circus aeruginosus,Western Marsh Harrier,1105,L143467,None,Raymond,472,M,15041,630,387,2015-05-26T09:28:00Z,2016-03-26T00:00:00Z,51.28535308,3.56180191,"Waterland-Oudeman | wing_length: 385 | tarsus_length: 71 | Found dead in Alps (IT) on 2016-03-31, last active day is 2016-03-25. Tracker reused for H185298."
MH_WATERLAND,Waterland,Circus aeruginosus,Western Marsh Harrier,1224,L143472,None,Ben,571,M,15162,6058,782,2016-05-02T12:58:00Z,9999-12-31T00:00:00Z,51.27180977,3.6843574,Waterland-Oudeman | wing_length: 404 | Assumed dead.
MH_WATERLAND,Waterland,Circus aeruginosus,Western Marsh Harrier,1276,L143473,None,Walter,485,M,15211,6059,841,2016-06-01T13:36:00Z,9999-12-31T00:00:00Z,51.28639987,3.5556221,Waterland-Oudeman | wing_length: 395 | Assumed dead.
O_WESTERSCHELDE,Westerschelde,Haematopus ostralegus,Eurasian Oystercatcher,1998,L178426,EAVS,,584,F,15878,5745,12089,2019-06-20T15:45:00Z,2027-07-19T06:45:00Z,51.33565671,4.24548,"Doel | Returned in 2020, data downloaded until 2019-08-03."
O_WESTERSCHELDE,Westerschelde,Haematopus ostralegus,Eurasian Oystercatcher,1809,L918401,EAHP,,497,F,15717,5742,12086,2018-05-24T16:27:00Z,2018-08-24T00:00:00Z,51.2564102,4.20516965,"Found dead in Sint-Maartensdijk (NL) on 2018-08-24, last active day is 2018-08-23."
O_WESTERSCHELDE,Westerschelde,Haematopus ostralegus,Eurasian Oystercatcher,1802,L918402,EAHX,,527,F,15715,5670,11985,2018-05-25T16:16:00Z,2026-09-25T16:16:00Z,51.27655819,4.20476324,"Verrebroek | Returned in 2019, no data received."
O_WESTERSCHELDE,Westerschelde,Haematopus ostralegus,Eurasian Oystercatcher,1806,L918403,EAHR,,443,M,15712,5622,11949,2018-05-25T16:08:00Z,2026-09-25T16:08:00Z,51.32009106,4.25126642,"Doel | Returned in 2019, data downloaded until 2018-05-26."
O_WESTERSCHELDE,Westerschelde,Haematopus ostralegus,Eurasian Oystercatcher,1812,L918404,EAHS,,502,X,15719,5658,11975,2018-05-28T16:31:00Z,2026-09-25T16:31:00Z,51.22195507,4.0382199,5658L Kemzeke | No data received.
O_WESTERSCHELDE,Westerschelde,Haematopus ostralegus,Eurasian Oystercatcher,1804,L918405,EAHT,,513,F,15714,5743,12087,2018-05-28T16:00:00Z,2026-09-25T16:14:00Z,51.28946226,4.27404881,"Doel | Alive in 2019, data downloaded (at winter location) until 2018-10-30."
O_WESTERSCHELDE,Westerschelde,Haematopus ostralegus,Eurasian Oystercatcher,1803,L918406,EAHU,,545,F,15711,5741,12085,2018-05-30T16:04:00Z,2026-09-25T16:04:00Z,51.28305629,4.31004703,Doel | No data within track session.
O_WESTERSCHELDE,Westerschelde,Haematopus ostralegus,Eurasian Oystercatcher,1811,L918407,EAHV,,515,F,15716,5744,12088,2018-05-30T16:25:00Z,2026-09-25T16:25:00Z,51.30221459,4.24106859,Doel | No data within track session.
O_WESTERSCHELDE,Westerschelde,Haematopus ostralegus,Eurasian Oystercatcher,1807,L918408,EARP,,507,F,15721,5653,11971,2018-06-22T16:35:00Z,2026-09-25T16:35:00Z,51.27525034,4.30581853,Kallo | No data received.
O_WESTERSCHELDE,Westerschelde,Haematopus ostralegus,Eurasian Oystercatcher,1805,L922102,EARA,,547,F,15720,5645,11965,2018-05-31T16:33:00Z,2026-09-25T16:33:00Z,51.13999734,3.83202642,"Zaffelare | Returned in 2019, data downloaded until 2018-07-12."
O_WESTERSCHELDE,Westerschelde,Haematopus ostralegus,Eurasian Oystercatcher,1815,L922103,EARE,,512,F,15710,5651,11969,2018-05-31T15:58:00Z,2026-09-25T15:58:00Z,51.15713233,3.88177128,"Wachtebeke | Returned in 2019, data downloaded until 2019-05-11."
O_WESTERSCHELDE,Westerschelde,Haematopus ostralegus,Eurasian Oystercatcher,1810,L922107,EARK,,448,M,15718,5672,11986,2018-06-11T16:29:00Z,2018-09-27T00:00:00Z,51.12683149,3.7342076,"Evergem | Found dead in NP Baie de Somme (FR) on 2019-02-05, last active day is 2018-09-26."
O_WESTERSCHELDE,Westerschelde,Haematopus ostralegus,Eurasian Oystercatcher,1808,L922112,EARN,,490,X,15713,5624,11951,2018-06-15T16:11:00Z,2026-09-25T16:11:00Z,51.11417733,3.77008769,"Oostakker | Returned in 2019, no data within track session, tracker not responding."
